{"2019-01":{"ER":67.0413333333,"NER":6.2833333333,"NR":116.6911111111,"SR":153.0672222222,"WR":171.5066666667},"2019-02":{"ER":65.5837037037,"NER":6.0126984127,"NR":106.0448559671,"SR":148.5790123457,"WR":169.4290123457},"2019-03":{"ER":62.594,"NER":6.1633333333,"NR":107.8914814815,"SR":154.1672222222,"WR":179.2744444444},"2019-04":{"ER":63.8875862069,"NER":6.1339901478,"NR":115.0877394636,"SR":172.4097701149,"WR":187.3833333333},"2019-05":{"ER":68.2306666667,"NER":6.309047619,"NR":114.5474074074,"SR":153.7166666667,"WR":175.3983333333},"2019-06":{"ER":64.775862069,"NER":6.0719211823,"NR":107.3490421456,"SR":153.6965517241,"WR":180.3977011494},"2019-07":{"ER":62.9116666667,"NER":5.9857142857,"NR":103.5882716049,"SR":158.9578703704,"WR":175.325462963},"2019-08":{"ER":64.3493333333,"NER":6.3333333333,"NR":119.4911111111,"SR":159.96,"WR":184.645},"2019-09":{"ER":73.48,"NER":6.5467980296,"NR":113.4877394636,"SR":161.533908046,"WR":187.5626436782},"2019-10":{"ER":67.6333333333,"NER":6.2961904762,"NR":115.5159259259,"SR":153.2577777778,"WR":178.8872222222},"2019-11":{"ER":61.8255172414,"NER":5.6862068966,"NR":96.5153256705,"SR":158.7482758621,"WR":174.4666666667},"2019-12":{"ER":66.5626666667,"NER":6.2995238095,"NR":116.5907407407,"SR":158.7138888889,"WR":182.3755555556},"2020-01":{"ER":67.1558333333,"NER":6.3232142857,"NR":118.624537037,"SR":169.7798611111,"WR":181.4375},"2020-02":{"ER":67.2272727273,"NER":6.0883116883,"NR":116.5702020202,"SR":156.0689393939,"WR":184.6272727273},"2020-03":{"ER":62.4558333333,"NER":5.8791666667,"NR":107.449537037,"SR":149.8826388889,"WR":164.84375},"2020-04":{"ER":61.8747826087,"NER":6.1571428571,"NR":108.2516908213,"SR":162.5101449275,"WR":183.3398550725},"2020-05":{"ER":61.51,"NER":5.85625,"NR":107.1354166667,"SR":157.225,"WR":181.890625},"2020-06":{"ER":56.408,"NER":5.7342857143,"NR":96.0355555556,"SR":136.02,"WR":188.27},"2020-07":{"ER":71.42,"NER":6.88,"NR":127.6688888889,"SR":140.1033333333,"WR":171.8733333333},"2020-08":{"ER":75.288,"NER":7.2914285714,"NR":137.3266666667,"SR":156.9,"WR":170.3433333333},"2020-09":{"ER":55.204,"NER":5.6657142857,"NR":91.58,"SR":185.6666666667,"WR":196.9633333333},"2020-10":{"ER":70.128,"NER":7.12,"NR":148.3133333333,"SR":159.6433333333,"WR":169.0266666667},"2020-11":{"ER":71.552,"NER":6.22,"NR":130.4755555556,"SR":165.5633333333,"WR":174.5733333333},"2020-12":{"ER":72.584,"NER":5.5428571429,"NR":108.8511111111,"SR":180.4666666667,"WR":198.67}}