{"ER": {"Lockdown": 61.639148936170216, "Normal": 65.75520190023754, "Recovery": 67.512}, "NER": {"Lockdown": 5.899088145896656, "Normal": 6.180420766881575, "Recovery": 6.35061224489796}, "NR": {"Lockdown": 103.79054373522459, "Normal": 112.04536817102138, "Recovery": 120.03587301587302}, "SR": {"Lockdown": 156.19574468085105, "Normal": 157.91785431512272, "Recovery": 160.62333333333333}, "WR": {"Lockdown": 177.7836879432624, "Normal": 178.9957244655582, "Recovery": 181.38857142857142}}