{"July":{"Eastern":-84.2327425579,"Northeastern":-84.0360647043,"Northern":-82.8824346147,"Southern":-87.7585197569,"Western":-86.3845810569},"August":{"Eastern":-80.5001864821,"Northeastern":-80.8120300752,"Northern":-80.8456231054,"Southern":-83.6521630408,"Western":-84.6242489341},"September":{"Eastern":-87.0469093162,"Northeastern":-85.079006772,"Northern":-86.0869066147,"Southern":-80.1828020877,"Western":-81.8944781667},"October":{"Eastern":-82.7185805816,"Northeastern":-81.1526244139,"Northern":-78.6013151946,"Southern":-82.6389090276,"Western":-84.2520271928},"November":{"Eastern":-80.0461811327,"Northeastern":-81.1400848999,"Northern":-76.6920069074,"Southern":-82.0184489288,"Western":-82.748079533},"December":{"Eastern":-81.8256480109,"Northeastern":-85.3352483181,"Northern":-84.439714735,"Southern":-81.0490575284,"Western":-81.8442408217}}