{"total_usage": 1709727.9000000001, "avg_usage": 103.00186155792518, "peak_usage": 522.1, "peak_state": "Maharashtra", "days_covered": 498}